,p_from_mw,q_from_mvar,p_to_mw,q_to_mvar,pl_mw,ql_mvar,i_from_ka,i_to_ka,i_ka,vm_from_pu,va_from_degree,vm_to_pu,va_to_degree,loading_percent
0,29.99999981209477,0.0,-29.99999981209477,0.0,0.0,0.0,0.07872958166909837,0.15745916333819673,0.15745916333819673,1.0,0.0,1.0,-0.014560704206545042,33.50194964642484
1,9.999999892625581,0.0,-9.999999892625581,0.0,0.0,0.0,0.05248638754457826,0.05248638754457826,0.05248638754457826,1.0,-0.014560704206545042,1.0,-0.03397497639508026,11.16731649884644
2,9.99999991946919,0.0,-9.99999991946919,0.0,0.0,0.0,0.05248638768547066,0.05248638768547066,0.05248638768547066,1.0,-0.014560704206545042,1.0,-0.03397497644719517,11.167316528823545
3,2.684360822513554e-08,0.0,-2.684360822513554e-08,0.0,0.0,0.0,1.4089240395275326e-10,1.4089240395275326e-10,1.4089240395275326e-10,1.0,-0.03397497639508026,1.0,-0.03397497644719517,2.9977107223990056e-08
