,vm_pu,va_degree,p_mw,q_mvar,lam_p,lam_q
0,1.0,0.0,-29.99999981209477,,10.00000000001612,0.0
1,1.0,-0.014560704206545042,10.0,,10.000000002278647,0.0
2,1.0,-0.03397497639508026,9.999999865781984,,10.00000000509737,0.0
3,1.0,-0.03397497644719517,9.99999994631279,,10.00000000509737,0.0
