,p_mw,q_mvar,va_degree,vm_pu
0,1.3421801564202402e-07,,-0.03397497639508026,1.0
1,5.368720988247438e-08,,-0.03397497644719517,1.0
